ID,User,UserLocation,TweetText,Sentiment
0,forumpandlr,Contato: contato@pandlr.com,S√≥ foi o Lula voltar que o RBD voltou tamb√©m üò≠ ,0
1,Biakicis,,O STF praticamente fechou o Congresso que se torna cada dia mais irrelevante para os prop√≥sitos do Lula. ,0
2,updatecharts,Brasil,"üö® Em 13 dias, Lula assumir√° a presid√™ncia do Brasil. ",0
3,FantasmadoComu6,, Kkkkkkkkkkkkkkkkkkkkkkkkk essa Madeleine deve dormir falando Lula e acordar falando PT  Maior portal de fofocas sobre o PT s√≥ com ela Madeleine Lacsko.  A maior f√£ tamb√©m. üòè ,0
4,resendeju684,, t√° indo buscar suas trouxas e vcs v√£o pro inferno kkkkk junto com o Lula kkkkk,0
5,steniojafreitas,FORTALEZA-CE,"A tristeza e aus√™ncia do Tite, t√©cnico da sele√ß√£o, com seus jogadores chorando a perda,  de deveu a ele n√£o poder desfilar  carro dos bombeiros ao lado do Lula!! Ele daria tudo por isso. Gra√ßas a Deus n√£o foi dessa vez.",0
6,JooVict39224683,,Hoje seria o dia oficial da certifica√ß√£o do Lula que ocorreu no dia 12 ent√£o passamos e estamos dentro das 4 linhas que temos que fazer  voltar agora para casa se pediam  todos ficarmos na frente dos quart√©is dias e dias finais de semana lotados e nada ,0
7,GutardoJoao,"Fernando de Noronha, Brasil"," ""O Lula √© o retrato da corrup√ß√£o"" ALCKMIN, Geraldo.",0
8,DemocraciaBr_,Brasil,  Lula vai ser perseguido pela imprensa o tempo todo. E v√£o esquecer do Jair. Apavora-me pensar nisso.,0
9,MabaClarice,," O Papa dizer que Lula √© inocente √© a mesma coisa que ele dizer que n√£o h√° centenas de padres envolvidos em pedofilia. Ou seja, zero de credibilidade.",0
10,AenderFacchin,, Vou torcer para o lula ser preso novamente !!!,0
11,fernandakmella,"Curitiba, Brasil",Qual fake news hermano?  Lula √© Ladr√£o!  Papa comunista!  Isso √© fato! ,0
12,serzrdello,,Faz o L! Lula n√£o precisa do congresso nem do senado! Ele tem o STF ! ,0
13,Vitor___12,,  Crime foi o que TSE fez dando privil√©gios a Lula e bloqueando tudo do Bolsonaro,0
14,AntifaCruzeiro,Belo Horizonte,   Bolsonaro abra√ßa milicianos ent√£o se voc√™ perdoa um voc√™ pode perdoar outro Lula √© uma pessoa S√©rgio Cabral √© outra,0
15,Roderick_Cvlcnt,üáßüá∑," As duas vagas desse mandato sendo ocupadas pelo cabe√ßa de caixa d'√°gua ""CAC e 100% alinhado"" que votou pra absolver o Lula e pelo ""terrivelmente evang√©lico"" e os caras achando que Bolsonaro iria botar mais gente boa nas 2 vagas que vai abrir nos pr√≥ximos 4 anos.  Kkkkkkkkkkkkkkk",0
16,VitorSaydelles,PORTO ALEGRE-Rio Grande do Sul,Para entender o momento com este texto de ‚Å¶ Ler n√£o d√≥i.üëáüèºüëáüèº  A est√©tica de Huxley e os tapetes de Lula: Gest√£o e Pol√≠tica num pa√≠s destru√≠do | Rede Esta√ß√£o Democracia - RED ,0
17,Sousa97Jussara,," E os processos do Lula e seus companheiros, v√£o ficar por isso mesmo?",0
18,marioslater2,," Melhor mesmo √© ver o Alberto Fernandez, presidente da Argentina e um dos principais representantes da esquerda na Am√©rica do Sul, vencendo tamb√©m no futebol. E ainda √© amigo do Lula, assim como o Macron. T√° dif√≠cil p o gado, n√©? Deveriam nem comentar. ü§£ü§£ü§£ü§£ü§°ü§∑üèæ‚Äç‚ôÇÔ∏è",0
19,mortadelinha13,Brasil,Agora faltam 13. Que emo√ß√£o!!! Vamos ver nosso Lula subir a rampa pela 3a vez! Somos TRI na Presid√™ncia tamb√©m!!! ,0
20,LuaMonteiro18,," agora √© culpa do lula por gente mal car√°ter. a da licen√ßa amigo.. no governo 22, n√£o tinha isso n√©? esqueci ü§¶‚Äç‚ôÄÔ∏è",0
21,Maxwell44946497,,üî¥EXCLUSIVOüî¥ ELE CAL0U MORAES em BRAS√çLIA e EXP√îS P0DRES DE LULA AO VIVO!!? ,0
22,cesarlobo1970,Juazeiro BA ," Ele t√° querendo ir pra chave tbm, um velho cag√£o, t√£o mentiroso e frouxo como o patr√£o, que deixa esse bando de ot√°rio esperando em porta de quartel enquanto delira e treme de medo da tranca dentro do Alvorada. Faltam 12 dias, babaca, pro LULA subir e dar cambalhotas na rampa.",0
23,MarizeOrnellas,"Rio de Janeiro, Brasil"," Lula, cade o Minist√©rio da Tebet?????",0
24,eduguim,S√£o Paulo - Brasil,Vit√≥ria de Lula mant√©m STF progressista ,0
25,lucilamr,"Atibaia, SP"," D√∫vida: se a chapa do Lula/Alckmin vier a ser cassada, essa decis√£o fica mantida ou √© cassada tamb√©m?",0
26,Tintin_mp4,Franca-SP,Um rapaz que trabalhava nas entrega comigo e ficava defendendo o Bolsonaro/me chamando de Ptista e falando que o lula √© ladr√£o‚Ä¶ foi mandado embora pq foi pego fazendo manobra em whisky ü§∑üèΩ‚Äç‚ôÇÔ∏è,0
27,LuisRobertoNas3,"Santa Maria, Brasil"," Tem muito amigo, parente e conhecido que eu achava q conhecia, mas da√≠ se revelaram bozzonarianos adeptos at√© de pr√°ticas nazistas. Lula n√£o √© obrigado a conhecer o que todos pol√≠ticos do Brasil fazem. Bozzo disse q n√£o sabia o que Milton Ribeiro,o pistoleiro dos aeroportos,fazia",0
28,FabianoMarcalS,"Campo Grande, Brasil", Se Lula assumir o poder o rombo pode ser maior. Muito maior.,0
29,Rede98Oficial,Belo Horizonte,A decis√£o oferece uma sa√≠da para o presidente eleito Luiz In√°cio Lula da Silva (PT) manter o pagamento de R$ 600 no  Bolsa Fam√≠lia mesmo sem conseguir aprovar a Proposta de Emenda √† Constitui√ß√£o (PEC) da transi√ß√£o.,0
30,jaisonricardo,," Logo, STF e TSE ter√£o ainda mais SUPER PODERES. C√¢mara e Senado se tornar√£o in√∫teis. Lula ter√° a maior FACILIDADE $$$ de sua hist√≥ria para governar. Est√£o todos sedentos $$$",1
31,emerson111673,,"üö®üö®üö® LAMENT√ÅVEL,O STF DE XAND√ÉO E LULA FECHARAM O CONGRESSO NACIONAL. ",0
32,Rita55833445,"Minas Gerais, Brasil",   Est√° demorando uma eternidade.Poderiam antecipar a posse de Lula e encerrar 2022 com chave de ouro.,0
33,Basiliarodri,Brasil - Bras√≠lia,"Lula far√° visita de cortesia nesta manh√£ ao Superior Tribunal de Justi√ßa, ele vai se encontrar com a presidente do STJ Maria Thereza de Assis Moura e   outros ministros da corte.",1
34,fmst0cc0,*** B R A S I L *** ÀÜ.ÀÜ,   E ai? Gostou de ver o Gilmar Mendes fechando o nosso congresso pro Lula poder arrombar os cofres p√∫blicos sem oposi√ß√£o? Com se sente?,0
35,AntifaCruzeiro,Belo Horizonte,  Esses documentos n√£o tem assinatura do Lula s√£o fact√≥ides e dela√ß√µes n√£o tem nada concreto nada nada zero. CHOOORA DERROTADO √â LULA POHA! SAI ELITES OPRESSORAS √â OS MAIS POBRES NO PODER,0
36,DoceVampiro1313,, √â mesmo? Voc√™ faz parte da equipe de Lula e por isso est√° trazendo essa informa√ß√£o? Ou √© s√≥ m√° f√© mesmo? Vai viver sua vida rapaz. Ningu√©m aguenta mais voc√™s.,0
37,Leandro60788579,,O Lula √© mais perigoso ao mundo que Lenin! O jeito de propagar o comunismo com ares de salvador dos pobres e das minorias √© muito mais devastador!,0
38,jsudoestebahia,Brumado-BA,"Governo Lula ter√° 37 minist√©rios, diz Rui¬†Costa ",0
39,JAFE21,," Reinaldo, voc√™ √© igual ao Lula, n√£o tem car√°ter.",0
40,Ricardo49845540,"Bragan√ßa Paulista, Brasil"," PGR Randolfe Gazela, o Gilmar Liberta Mendes j√° fizeram o papel do minist√©rio p√∫blico e do congresso e tiraram o Bolsa Lula do cofre e esparramaram nesse conluio de passivo x ativo.",0
41,Ary_AntiPT,Brasil,Cabral diz que Lula fez pedido que rendeu R$ 30 milh√µes a Lulinha  via    Lembro que o tRF 4 MANDOU a investigacao para Sao Paulo.   ,0
42,edsonevan69,," Ela n√£o recebeu mais sai com Cabe√ßa Erguida, Seu Papai vai ficar de mi-mi-mi, n√£o üëé somos Psic√≥logo kkkk Pedeu Mane vida segue roda gira Lula l√° agora aceita que d√≥i menos ‚ûñÔ∏è ‚ûñÔ∏è ‚ûñÔ∏è Nem distribui√ß√£o de dinheiro üí∞ p√∫blico pra Caminhoneiros e t√°xi üöï conseguiu ganhar do ex .",0
43,pedromassot,"S√£o Paulo, Brasil", Ser√° que ela est√° doente? Est√° morrendo? Pra e admitir que o Lula roubou √© os riscos... olha impressionante Mirian... acho que Deus iluminou sua cabe√ßa,0
44,rs_vhf,Nas velas do Mucuripe ...,"  Ele est√° assistindo o Lula manter o or√ßamento secreto e reeleger o Arthur Lira, imitando o Bolsonaro.",0
45,DemocraciaBr_,Brasil,"  Acho que se Lula come√ßar com muita √™nfase em melhorar a vida do pobre, o ""mercado"" logo vai reclamar. Tem que haver um desmame da desigualdade... rs",0
46,Christi29603105,üáßüá∑," 2016 Em meio a protestos anti-impeachment, Gilmar Mendes suspende posse de Lula.  ",0
47,Rocha882022,," Isso √© tudo combinado, gente!  A inten√ß√£o da m√≠dia agora √© bater no Lula pro povo ficar revoltado e pedir pra ele sair. Logo, o Alckmin ir√° tomar o poder! O Xand√£o n√£o est√° fazendo tudo isso atoa. Se ele abrir m√£o de qq coisa, o Nine n√£o entra e ser√° o fim do PSDB.",0
48,felipern6,"S√£o Gon√ßalo, Brasil"," N√£o esperava a carta Lula+STF ser usada contra o congresso antes do mandato come√ßar. Pelo menos n√£o perderemos tempo aturando o teatro Lula/Lira/Pacheco por muito tempo.   E na direita est√° tudo normal, j√° tem deputado falando em reforma do judici√°rio. Tudo dentro das 4 linhas!!!",1
49,ElaineQBFreire,Brasil,  Lula deixa de ser ref√©m de Lira.,0
50,SrgioDonizeti1,, EST√Å TUDO ERRADO NESSE PA√çS DE PODRID√ÉO MORAL ULTIMAMENTE AONDE O LULA CHEIOS DE PROCESSOS POR CORRUP√á√ÉO EST√Å AFETANDO O BRASIL SEM TER ASSUMIDO AINDA KKKKK ,0
51,Vivendopraver,"S√£o Paulo, Brasil"," Voc√™ tamb√©m, ningu√©m √© imune a morte, uns far√£o muita falta, outros nem tanto, se a morte do Lula seria um milagre pra voc√™, talvez a sua, n√£o faria diferen√ßa no mundo, voc√™ nem existe. Ent√£o o milagre √© relativo. O Lula seria lembrado pelo mundo inteiro, enquanto voc√™ ü§∑",0
52,GueirosNeemias,,"Quer dizer que Gabriel Chalita, s√≥cio no escrit√≥rio de advocacia da esposa do ministro Alexandre de Moraes, foi dirigente de campanha da chapa Lula/Alckiman? Agora est√° pleiteando um minist√©rio no governo? Tudo normal no reino do Xandaquist√£o.",1
53,CarlosMoraes19,"Florian√≥polis, Brasil",Algu√©m tem alguma d√∫vida sobre quem negociou isto? Centr√£o e Lira nas cordas. Lula g√™nio. ,0
54,ckmascarenhas,"Feira de Santana, Brasil","  Bom, ao menos j√° √© alguma coisa positiva. Ontem Lula teve mais uma reuni√£o com Lira, espero que consiga fazer as jogadas pol√≠ticas necess√°rias sem ter que ceder minist√©rios como o Lira quer",0
55,leonardobp10,"Imperatriz, Brasil", Lula e o STF te transformou em uma figura decorativa,0
56,Vida1Esperanca,," Isso mesmo senhor Lula!! Cuidando do Brasil e n√£o havendo roubos, corrup√ß√£o, destrui√ß√£o das fam√≠lias e da moral. S√≥ com pessoas honestas e do bem √© que uma na√ß√£o vence. Honre o seu lugar e seja correto para todos!!!",0
57,hernandobn,,"Fadado ao fracasso, ""sonho"" de Lula e Haddad deixa o povo aterrorizado ",0
58,karindelrio2904,"S√£o Paulo, Brasil",Lula ,0
59,FilAirton,Rio de Janeiro.,"#ComunismoNuncaMais   Lula aciona um comunista para ""sufocar"" CACs e ""desarmar"" o Brasil ",0
60,ElisamaBrajao,"Rond√¥nia, Brasil"," O Lula vai destruir esse pa√≠s, quem apoia √© c√∫mplice.",0
61,mc334998,, Esse  pap√°  e OUTRO  LULA   porque ele  n√£o   PEGAR a riqueza    e  n√£o  da aos  pobres,0
62,EdilsonSantos7,,Armadilha para Lula est√° pronta - Semana do Tudo ou nada  (compartilhem)  via ,0
63,FD0g6aaGenTtKHV,, Lula ladr√£o seu lugar e na pris√£o,0
64,TeresaAlbuque14,"Recife, Brasil"," H√° tempo venho alertando ser pueril a esperan√ßa de qualquer oposi√ß√£o minimamente efetiva por parte do Congresso, durante um novo governo de Lula. Se ele n√£o pode decidir nem sequer or√ßamento, por que decidiria qualquer outro tema?",0
65,jacksonjpsdb,Teresina Piau√≠ Brasil,Toffoli pede perd√£o a Lula. ,0
66,ErickManenti,, Ele pode ter falado n√£o. Como de fato n√£o sobe. Mas o lula foi descondenado. Teoricamente n√£o √© mais bandido. Ent√£o.... Subir√° a rampa infelizmente,0
67,Danilo_acf,, Mesa de madeira quer dizer que o pau vai cantar. A manteiga significa que o Lula vai tomar no koo kkkkkkk,0
68,afrojuzi,,Essa ser√° a realidade com lula como meu presidente ,0
69,Gerusa62855370,"S√£o Paulo, Brasil","Bolsonaro est√° perdendo a sanidade, a medida que se aproxima a posse do presidente Lula. O Bozo est√° vivendo em um mundo paralelo, onde ele ganhou as elei√ß√µes. ",0
70,geraldoaraujo60,,"O STF, atrav√©s de Gilmar Mendes, retirou do teto de gasto as despesas com o Bolsa Fam√≠lia em 2023, impedindo a chantagem do Centr√£o com o Lula para aprovar a PEC. Mais uma vit√≥ria do povo.",0
71,ElisQueridinha,,"    Mas oh....... Mesmo com todo boicote da esquerda, o Brasil cresceu Pesquisa sem a voz do Bonner Mas tenho outra..... N√£o vai ter dinheiro pra Papai Lula cuidar dos filhos n√© .  Pai dos Pobresü•∞ Cuidou tanto do Nordeste esse tempo todo, que a transformou em Dubai.  Observe",0
72,Nadison001,," Estou dizendo, o STF ir√° governar o Brasil com o Lula, na verdade, com o Lula eles sempre v√£o poder fazer o que sempre quiseram, mandar, ditar regras!!",0
73,SoniaPalhares,Bras√≠lia - DF,O gado n√£o chegar√° sequer perto da Esplanada dos Minist√©rios no dia da posse de LULA!!! A Mancha Verde e a Gavi√µes da Fiel est√° vindo em massa para Brasilia!!! V√£o encarar??? Essa eu quero ver!!! üòÇüòÇüòÇ,0
74,marciods,Florianopolis," Ent√£o j√° pode tirar ele de la, porque com essa fala sobre Lula, com certeza esta com problemas mentais.",0
75,Maedeum2,," √â at√© engra√ßado ver esse Lira e o Pacheco se acharem mais espertos q as raposas, Lula e STf. Quem s√£o esses caras pra achar q podem peitar esse povo mais q corruptos? Uns bob√µes,devem estar rindo da cara deles. Agora vem chorar c a gente patetas",0
76,BARUCHPINOO,,"  E as 700 mil mortes que teu amado presidente futuro presidi√°rio deixou morrer? E a comemora√ß√£o da morte de Dona Let√≠cia, e do Paulo Gustavo e por a√≠ vai, hip√≥critas s√£o voc√™s seu comedores de capim. Lula foi eleito e tomar√° posse aveyta que d√≥i menos.",0
77,jaisonricardo,," Logo, STF e TSE ter√£o ainda mais SUPER PODERES. C√¢mara e Senado se tornar√£o in√∫teis. Lula ter√° a maior FACILIDADE $$$ de sua hist√≥ria para governar. Est√£o todos sedentos $$$",1
78,cideriams1,,"Com Lula, ela quer destruir o Brasil! Esse sorris√£o a√≠ √© a garantia da t√™ta ",0
79,Marlyalvesfs,,"Parab√©ns Sr presidente Lula e Janja,esperamos que tudo venha dar certo com o nosso Brasil üáßüá∑ a nossa querida Bandeira verde e amarela ir√° voltar a ser feliz novamente, o Brasil precisa de presidente e outros pol√≠ticos que n√£o roubem a Na√ß√£o brasileira, ser√° feiose isso acontecer ",0
80,flo8ra,farol#7353,essa noite sonhei q o bob esponja e o lula molusco eram assassinos e queriam me matar,0
81,tigrao224920,"Taubat√©, Brasil","  jair voc√™ √© um subletrado, corrupto, psicopata e VAGABUNDO ja chupar um ""pirulito"" e apodre√ßa logo seu defunto f√©tido. Xandao vai lhe colocar na cadeia canalhao. ",0
82,jane_yeshua,Brazil," Se tiver sorte, quem sabe 2026, agora engole o Lula por 4 anos",0
83,DemocraciaBr_,Brasil,  Acho que Lula devia dar um jeito de se filiar ao PSDB. A√≠ finalmente a m√≠dia iria v√™-lo com bons olhos. Rs,0
84,HANS_BODOLZA,"Rio de Janeiro, Brasil",Lula e Lira definem o pre√ßo da PEC da Gastan√ßa ,0
85,vcostacontos,Brasil,Aten√ß√£o: faltam 13 dias para Lula tomar posse e dar in√≠cio a uma (nova) era de prosperidade (principalmente na √°rea social).,1
86,JoelmaMaleoj,,"  Isso √© um absurdo,quanto inaceit√°vel. Fora que isso j√° aconteceu na hist√≥ria do Governo Lula. ",0
87,Isabelramos1974,Brasil,"   Mas te informar o IMBECIL, Bolsonaro √© o primeiro presidente a deixar o pa√≠s no azul, vc acha que est√£o tirando benef√≠cios do povo pq sua anta? Pra sobrar dinheiro e poderem roubar mais, eu n√£o entendi como existe gente t√£o burra que acredita nesse Lula bandido, corrupto ü§Æ",0
88,jorgeritchie,Rio de Janeiro,"Por a√≠ se especula Que o 13 nos d√° sorte E d√°, pois a√≠ vem Lula Venha e nos reconforte! Por sinal s√≥ faltam treze 13 dias e n√£o meses Pra um Brasil feliz e forte  #cordelDaContagemRegressiva #365VersosAteAposse #Lula #TicTac #contagemregressiva #13dias #LulaPresidente #cordel",0
89,emanoelseabra,"Natal, Brasil",Gilmar decide que recursos do Bolsa Fam√≠lia est√£o fora do teto de gastos e reduz press√£o contra o governo Lula ,0
90,tudocda,,Toda vez que algu√©m fala que o lula √© musiquer ele est√° chorando com 3 felipe netos em brasilia üòÇüòÇüòÇ,0
91,valdemarpaiva1,,"CONGRESSO CANCELADO Em mais uma decis√£o estritamente pol√≠tica al√©m de esdr√∫xula, o STF, visando favorecer o novo governo Lula, do qual √© fiador, d√° um By-Pass no Congresso Nacional estuprando e praticamente pondo fim ao teto de gasto. ",0
92,gillycoltt,Brasil,"Lula,chau,chau,vai pro xilindr√≥! ",0
93,jaisonricardo,," Logo, STF e TSE ter√£o ainda mais SUPER PODERES. C√¢mara e Senado se tornar√£o in√∫teis. Lula ter√° a maior FACILIDADE $$$ de sua hist√≥ria para governar. Est√£o todos sedentos $$$",1
